<?xml version="1.0" encoding="UTF-8"?>
<module rename-to='mvpproject'>
  <!-- Inherit the core Web Toolkit stuff.                        -->
  <inherits name='com.google.gwt.user.User'/>
  <inherits name="com.google.gwt.uibinder.UiBinder"/> 
  <inherits name="com.google.gwt.http.HTTP" />
  <inherits name="com.google.gwt.xml.XML" />
  <inherits name="com.google.gwt.json.JSON" />
  <inherits name="com.google.gwt.jsonp.Jsonp" />
  <inherits name="com.google.gwt.ajaxloader.AjaxLoader" />
  <inherits name="com.google.gwt.i18n.I18N" />
  

  <!-- Inherit the default GWT style sheet.  You can change       -->
  <!-- the theme of your GWT application by uncommenting          -->
  <!-- any one of the following lines.                            -->
  <inherits name='com.google.gwt.user.theme.standard.Standard'/>
  <!-- <inherits name='com.google.gwt.user.theme.chrome.Chrome'/> -->
  <!-- <inherits name='com.google.gwt.user.theme.dark.Dark'/>     -->

  <!-- Other module inherits                                      -->

  <servlet path='/world' class='com.fkereki.mvpproject.server.WorldServiceImpl'/>
<!--
  <extend-property name="locale" values="en" />
  <extend-property name="locale" values="en_GB" />
  <extend-property name="locale" values="es" />
-->

  <!-- Specify the app entry point class.                         -->
  <entry-point class='com.fkereki.mvpproject.client.Mvpproject'/>

  <!-- Specify the paths for translatable code                    -->
  <source path='client'/>

	<replace-with class="com.fkereki.mvptest.client.HelloBrowserIEImpl">
		<when-type-is class="com.fkereki.mvptest.client.HelloBrowserStdImpl"/>
		<any>
			<when-property-is name="user.agent" value="ie6"/>
			<when-property-is name="user.agent" value="ie8"/>
		</any>
	</replace-with>
</module>
