<?xml version="1.0" encoding="UTF-8"?>
<!DOCTYPE ui:UiBinder SYSTEM "http://dl.google.com/gwt/DTD/xhtml.ent">
<u:UiBinder xmlns:u='urn:ui:com.google.gwt.uibinder'
             xmlns:g='urn:import:com.google.gwt.user.client.ui'
             xmlns:h='urn:import:com.fkereki.mvpproject.client'            
             >
  <g:HTMLPanel>
    <h1>LoginFormView4</h1>
    <table>
      <tr>
        <td><g:Label text="User Name:"/></td>
        <td><g:TextBox u:field='nameTextBox'/></td>
      </tr>
      <tr>
        <td><g:Label text="Password:"/></td>
        <td><g:PasswordTextBox u:field='passwordTextBox'/></td>
      </tr>
      <tr>
        <td><h:ReadOnlyTextBox2 init='initial value'/></td>
        <td><g:Button u:field='loginButton'/></td>
      </tr>
    </table>
  </g:HTMLPanel>
</u:UiBinder>