<?xml version="1.0" encoding="UTF-8"?>
<!DOCTYPE ui:UiBinder SYSTEM "http://dl.google.com/gwt/DTD/xhtml.ent">
<u:UiBinder xmlns:u='urn:ui:com.google.gwt.uibinder'
             xmlns:g='urn:import:com.google.gwt.user.client.ui'>
  <g:HTMLPanel>
    <h1>CitiesUpdater</h1>
    Start of City Name:
    <g:TextBox u:field="cityNameStart"/>
    <g:Button u:field="getCitiesButton" text="Get Cities"/>
    <g:Button u:field="updateCitiesButton" text="Update Cities"/>
    <hr />
    <g:FlexTable u:field="cg"/>
  </g:HTMLPanel>
</u:UiBinder>