<?xml version="1.0" encoding="UTF-8"?>
<!DOCTYPE ui:UiBinder SYSTEM "http://dl.google.com/gwt/DTD/xhtml.ent">
<u:UiBinder xmlns:u='urn:ui:com.google.gwt.uibinder'
             xmlns:g='urn:import:com.google.gwt.user.client.ui'
             xmlns:h='urn:import:com.fkereki.mvpproject.client'            
             >
                         
  <g:HTMLPanel>
    <h1>ChangePasswordView</h1>
    <table>
      <tr>
        <td><g:Label text="User Name:"/></td>
        <td><g:TextBox u:field='nameTextBox' enabled='false'/></td>
      </tr>
      <tr>
        <td><g:Label text="New Password:"/></td>
        <td><g:PasswordTextBox u:field='passwordTextBox1'/></td>
      </tr>
      <tr>
        <td><g:Label text="Reenter New Password:"/></td>
        <td><g:PasswordTextBox u:field='passwordTextBox2'/></td>
      </tr>
      <tr>
        <td></td>
        <td><g:Button u:field='changePasswordButton' text='Change Password'/></td>
      </tr>
    </table>
  </g:HTMLPanel>
</u:UiBinder>