<?xml version="1.0" encoding="UTF-8"?>
<!DOCTYPE ui:UiBinder SYSTEM "http://dl.google.com/gwt/DTD/xhtml.ent">
<u:UiBinder 
  xmlns:u='urn:ui:com.google.gwt.uibinder'
  xmlns:g='urn:import:com.google.gwt.user.client.ui'
  xmlns:cs='urn:import:com.fkereki.mvpproject.client.countryState'  >
  <g:HTMLPanel>
    <h1>CitiesBrowser3</h1>
    Country/State:<cs:CountryStateView u:field="countryStateView"/>
    <br />
    <g:Button u:field="firstButton"/>
    <g:Button u:field="previousButton"/>
    <g:Button u:field="nextButton"/>
    <br />
    <br />
    <g:FlexTable u:field="cg"/>
  </g:HTMLPanel>
</u:UiBinder>